participant,N,fit_frac,acc_mean,acc_se,n_repeats,logistic_matched
96CA2FB7709946BB8EB38CAB5B713E_cleaned.json,1,1.0,0.7372372372372372,0.0033010275170853092,6,0.7792792792792793
96CA2FB7709946BB8EB38CAB5B713E_cleaned.json,1,0.25,0.734984984984985,0.005659751190139459,6,0.7837837837837838
96CA2FB7709946BB8EB38CAB5B713E_cleaned.json,1,0.1,0.6981981981981983,0.004627938440667401,6,0.7567567567567568
96CA2FB7709946BB8EB38CAB5B713E_cleaned.json,2,1.0,0.7349849849849849,0.012759082081283842,6,0.7792792792792793
96CA2FB7709946BB8EB38CAB5B713E_cleaned.json,2,0.25,0.7319819819819818,0.010389153530854381,6,0.7837837837837838
96CA2FB7709946BB8EB38CAB5B713E_cleaned.json,2,0.1,0.6989489489489489,0.019270081752952684,6,0.7567567567567568
96CA2FB7709946BB8EB38CAB5B713E_cleaned.json,4,1.0,0.7402402402402403,0.011806933045130577,6,0.7792792792792793
96CA2FB7709946BB8EB38CAB5B713E_cleaned.json,4,0.25,0.7237237237237237,0.010275508091915823,6,0.7837837837837838
96CA2FB7709946BB8EB38CAB5B713E_cleaned.json,4,0.1,0.7132132132132133,0.008062564411204714,6,0.7567567567567568
96CA2FB7709946BB8EB38CAB5B713E_cleaned.json,6,1.0,0.765015015015015,0.003426692677084367,6,0.7792792792792793
96CA2FB7709946BB8EB38CAB5B713E_cleaned.json,6,0.25,0.7612612612612613,0.003972599566163043,6,0.7837837837837838
96CA2FB7709946BB8EB38CAB5B713E_cleaned.json,6,0.1,0.734984984984985,0.012890924547737267,6,0.7567567567567568
96CA2FB7709946BB8EB38CAB5B713E_cleaned.json,8,1.0,0.7657657657657658,0.004748164654907483,6,0.7792792792792793
96CA2FB7709946BB8EB38CAB5B713E_cleaned.json,8,0.25,0.7582582582582583,0.005378925240291469,6,0.7837837837837838
96CA2FB7709946BB8EB38CAB5B713E_cleaned.json,8,0.1,0.7192192192192192,0.013582849594706629,6,0.7567567567567568
96CA2FB7709946BB8EB38CAB5B713E_cleaned.json,12,1.0,0.7747747747747749,0.0031851656810204907,2,0.7792792792792793
96CA2FB7709946BB8EB38CAB5B713E_cleaned.json,12,0.25,0.7657657657657657,0.009555497043061472,2,0.7837837837837838
96CA2FB7709946BB8EB38CAB5B713E_cleaned.json,12,0.1,0.7274774774774775,0.014333245564592189,2,0.7567567567567568
32FC87F1C127480BA90BCC97640655_cleaned.json,1,1.0,0.8073394495412844,0.010538263571934426,6,0.8256880733944955
32FC87F1C127480BA90BCC97640655_cleaned.json,1,0.25,0.7928134556574924,0.011048216252265737,6,0.8211009174311926
32FC87F1C127480BA90BCC97640655_cleaned.json,1,0.1,0.7928134556574924,0.009755823008435768,6,0.7935779816513762
32FC87F1C127480BA90BCC97640655_cleaned.json,2,1.0,0.8149847094801222,0.0068095765626337386,6,0.8256880733944955
32FC87F1C127480BA90BCC97640655_cleaned.json,2,0.25,0.79434250764526,0.008263720880270628,6,0.8211009174311926
32FC87F1C127480BA90BCC97640655_cleaned.json,2,0.1,0.7928134556574924,0.006958166636837949,6,0.7935779816513762
32FC87F1C127480BA90BCC97640655_cleaned.json,4,1.0,0.8180428134556575,0.008694557649965337,6,0.8256880733944955
32FC87F1C127480BA90BCC97640655_cleaned.json,4,0.25,0.801223241590214,0.009088967635130993,6,0.8211009174311926
32FC87F1C127480BA90BCC97640655_cleaned.json,4,0.1,0.8058103975535168,0.006084269310047562,6,0.7935779816513762
32FC87F1C127480BA90BCC97640655_cleaned.json,6,1.0,0.8241590214067278,0.0035311943069701846,6,0.8256880733944955
32FC87F1C127480BA90BCC97640655_cleaned.json,6,0.25,0.8042813455657494,0.007619733123203898,6,0.8211009174311926
32FC87F1C127480BA90BCC97640655_cleaned.json,6,0.1,0.7966360856269113,0.005987431256101293,6,0.7935779816513762
32FC87F1C127480BA90BCC97640655_cleaned.json,8,1.0,0.8119266055045871,0.00445791429269519,6,0.8256880733944955
32FC87F1C127480BA90BCC97640655_cleaned.json,8,0.25,0.7928134556574923,0.005962976022832621,6,0.8211009174311926
32FC87F1C127480BA90BCC97640655_cleaned.json,8,0.1,0.7813455657492355,0.00889394921845828,6,0.7935779816513762
32FC87F1C127480BA90BCC97640655_cleaned.json,12,1.0,0.8211009174311927,0.009730827264035038,2,0.8256880733944955
32FC87F1C127480BA90BCC97640655_cleaned.json,12,0.25,0.7958715596330275,0.01135263180804091,2,0.8211009174311926
32FC87F1C127480BA90BCC97640655_cleaned.json,12,0.1,0.8119266055045872,0.0,2,0.7935779816513762
EC07396CE23248F2855499612FEB8ACA-019e9464-92a5-7d10-b713-7022c5b049fc-019e8386-74e7-7359-827b-6b4e4bc47db9-2026-06-04T20-48-16-501Z-olib.json,1,1.0,0.715780998389694,0.01405754983232184,6,0.7342995169082126
EC07396CE23248F2855499612FEB8ACA-019e9464-92a5-7d10-b713-7022c5b049fc-019e8386-74e7-7359-827b-6b4e4bc47db9-2026-06-04T20-48-16-501Z-olib.json,1,0.25,0.6731078904991948,0.016049292955154112,6,0.6183574879227053
EC07396CE23248F2855499612FEB8ACA-019e9464-92a5-7d10-b713-7022c5b049fc-019e8386-74e7-7359-827b-6b4e4bc47db9-2026-06-04T20-48-16-501Z-olib.json,1,0.1,0.6594202898550724,0.024040255437735292,6,0.6618357487922706
EC07396CE23248F2855499612FEB8ACA-019e9464-92a5-7d10-b713-7022c5b049fc-019e8386-74e7-7359-827b-6b4e4bc47db9-2026-06-04T20-48-16-501Z-olib.json,2,1.0,0.6916264090177133,0.016319665044855977,6,0.7342995169082126
EC07396CE23248F2855499612FEB8ACA-019e9464-92a5-7d10-b713-7022c5b049fc-019e8386-74e7-7359-827b-6b4e4bc47db9-2026-06-04T20-48-16-501Z-olib.json,2,0.25,0.681159420289855,0.023112238477306483,6,0.6183574879227053
EC07396CE23248F2855499612FEB8ACA-019e9464-92a5-7d10-b713-7022c5b049fc-019e8386-74e7-7359-827b-6b4e4bc47db9-2026-06-04T20-48-16-501Z-olib.json,2,0.1,0.6811594202898551,0.017895419300235815,6,0.6618357487922706
EC07396CE23248F2855499612FEB8ACA-019e9464-92a5-7d10-b713-7022c5b049fc-019e8386-74e7-7359-827b-6b4e4bc47db9-2026-06-04T20-48-16-501Z-olib.json,4,1.0,0.714975845410628,0.007722756076187949,6,0.7342995169082126
EC07396CE23248F2855499612FEB8ACA-019e9464-92a5-7d10-b713-7022c5b049fc-019e8386-74e7-7359-827b-6b4e4bc47db9-2026-06-04T20-48-16-501Z-olib.json,4,0.25,0.6658615136876006,0.029984067022377273,6,0.6183574879227053
EC07396CE23248F2855499612FEB8ACA-019e9464-92a5-7d10-b713-7022c5b049fc-019e8386-74e7-7359-827b-6b4e4bc47db9-2026-06-04T20-48-16-501Z-olib.json,4,0.1,0.6714975845410628,0.026312616164844115,6,0.6618357487922706
EC07396CE23248F2855499612FEB8ACA-019e9464-92a5-7d10-b713-7022c5b049fc-019e8386-74e7-7359-827b-6b4e4bc47db9-2026-06-04T20-48-16-501Z-olib.json,6,1.0,0.7278582930756844,0.0033521191617812123,6,0.7342995169082126
EC07396CE23248F2855499612FEB8ACA-019e9464-92a5-7d10-b713-7022c5b049fc-019e8386-74e7-7359-827b-6b4e4bc47db9-2026-06-04T20-48-16-501Z-olib.json,6,0.25,0.7326892109500805,0.0051764094261905315,6,0.6183574879227053
EC07396CE23248F2855499612FEB8ACA-019e9464-92a5-7d10-b713-7022c5b049fc-019e8386-74e7-7359-827b-6b4e4bc47db9-2026-06-04T20-48-16-501Z-olib.json,6,0.1,0.7286634460547504,0.0033034175053921503,6,0.6618357487922706
EC07396CE23248F2855499612FEB8ACA-019e9464-92a5-7d10-b713-7022c5b049fc-019e8386-74e7-7359-827b-6b4e4bc47db9-2026-06-04T20-48-16-501Z-olib.json,8,1.0,0.7286634460547504,0.006483023257746198,6,0.7342995169082126
EC07396CE23248F2855499612FEB8ACA-019e9464-92a5-7d10-b713-7022c5b049fc-019e8386-74e7-7359-827b-6b4e4bc47db9-2026-06-04T20-48-16-501Z-olib.json,8,0.25,0.7214170692431562,0.005880005985025936,6,0.6183574879227053
EC07396CE23248F2855499612FEB8ACA-019e9464-92a5-7d10-b713-7022c5b049fc-019e8386-74e7-7359-827b-6b4e4bc47db9-2026-06-04T20-48-16-501Z-olib.json,8,0.1,0.7254428341384863,0.008628044769553669,6,0.6618357487922706
EC07396CE23248F2855499612FEB8ACA-019e9464-92a5-7d10-b713-7022c5b049fc-019e8386-74e7-7359-827b-6b4e4bc47db9-2026-06-04T20-48-16-501Z-olib.json,12,1.0,0.7222222222222222,0.001707987394170412,2,0.7342995169082126
EC07396CE23248F2855499612FEB8ACA-019e9464-92a5-7d10-b713-7022c5b049fc-019e8386-74e7-7359-827b-6b4e4bc47db9-2026-06-04T20-48-16-501Z-olib.json,12,0.25,0.7246376811594203,0.0,2,0.6183574879227053
EC07396CE23248F2855499612FEB8ACA-019e9464-92a5-7d10-b713-7022c5b049fc-019e8386-74e7-7359-827b-6b4e4bc47db9-2026-06-04T20-48-16-501Z-olib.json,12,0.1,0.7318840579710144,0.008539936970852022,2,0.6618357487922706
